"Reference","Value","Datasheet","Footprint","Qty","DNP"
"GYRO1","Conn_01x10_Pin","https://jlcpcb.com/partdetail/58403-2_54_110PPin/C57369","Connector_PinSocket_2.54mm:PinSocket_1x10_P2.54mm_Vertical","1",""
"J1,J2","Conn_01x19_Socket","https://jlcpcb.com/partdetail/3278227-KH_2_54PH180_1X19P_L115/C2932706","Connector_PinSocket_2.54mm:PinSocket_1x19_P2.54mm_Vertical","2",""
"J3,J4","Conn_01x19_Pin","https://jlcpcb.com/partdetail/3278227-KH_2_54PH180_1X19P_L115/C2932706","Connector_PinSocket_2.54mm:PinSocket_1x19_P2.54mm_Vertical","2",""
"J5","PI_PINS","https://jlcpcb.com/partdetail/ZHOURI-2_54_12/C5116481","Connector_PinHeader_2.54mm:PinHeader_1x02_P2.54mm_Vertical","1",""
"J6","MOT_PINS","https://jlcpcb.com/partdetail/ZHOURI-2_54_12/C5116481","Connector_PinHeader_2.54mm:PinHeader_1x02_P2.54mm_Vertical","1",""
"J7","ENC_PINS","https://jlcpcb.com/partdetail/3175223-KH_2_54PH180_1X4P_L115/C2905435","Connector_PinHeader_2.54mm:PinHeader_1x04_P2.54mm_Horizontal","1",""
"J8","SERVO_PINS","https://jlcpcb.com/partdetail/3278219-KH_2_54PH180_1X3P_L115/C2932698","Connector_PinHeader_2.54mm:PinHeader_1x03_P2.54mm_Horizontal","1",""
"LIDAR1","Conn_01x01_Pin","https://jlcpcb.com/partdetail/82426-2_54_11PPin/C81276","Connector_PinHeader_2.54mm:PinHeader_1x01_P2.54mm_Horizontal","1",""
"PSU1","GND_IN","https://jlcpcb.com/partdetail/Ningbo_KangnexElec-WJ127_5_02P/C3703","TerminalBlock_Phoenix:TerminalBlock_Phoenix_MPT-0,5-2-2.54_1x02_P2.54mm_Horizontal","1",""
